<botcomponent schemaname="crce2_nercDataComplianceAssistant.file.one-stop-shop.xlsx_zYy">
  <componenttype>14</componenttype>
  <description>This knowledge source searches information contained in one-stop-shop.xlsx</description>
  <filedata mimetype="application/vnd.openxmlformats-officedocument.spreadsheetml.sheet">one-stop-shop.xlsx</filedata>
  <iscustomizable>0</iscustomizable>
  <name>one-stop-shop.xlsx</name>
  <parentbotid>
    <schemaname>crce2_nercDataComplianceAssistant</schemaname>
  </parentbotid>
  <statecode>0</statecode>
  <statuscode>1</statuscode>
</botcomponent>