{
  "$kind": "BotConfiguration",
  "channels": [
    {
      "$kind": "ChannelDefinition",
      "channelId": "MsTeams"
    },
    {
      "$kind": "ChannelDefinition",
      "channelId": "Microsoft365Copilot"
    }
  ],
  "settings": {
    "GenerativeActionsEnabled": false
  },
  "isAgentConnectable": true,
  "gPTSettings": {
    "$kind": "GPTSettings",
    "defaultSchemaName": "crce2_nercDataComplianceAssistant.gpt.default"
  },
  "isLightweightBot": false,
  "aISettings": {
    "$kind": "AISettings",
    "useModelKnowledge": true,
    "isFileAnalysisEnabled": true,
    "isSemanticSearchEnabled": true,
    "optInUseLatestModels": false
  }
}